Subject,Condition,NoiseType,Set,File,Score
CH08NG31,orig,Applaus,1,1,76
CH08NG31,gauss,Applaus,1,1,16
CH08NG31,synth,Applaus,1,1,77
CH08NG31,synsmall,Applaus,1,1,18
CH08NG31,orig,Applaus,1,2,75
CH08NG31,gauss,Applaus,1,2,40
CH08NG31,synth,Applaus,1,2,12
CH08NG31,synsmall,Applaus,1,2,6
CH08NG31,orig,Applaus,1,3,89
CH08NG31,gauss,Applaus,1,3,42
CH08NG31,synth,Applaus,1,3,0
CH08NG31,synsmall,Applaus,1,3,31
CH08NG31,white,Applaus,1,1,3
CH08NG31,orig,Applaus,2,1,88
CH08NG31,gauss,Applaus,2,1,4
CH08NG31,synth,Applaus,2,1,18
CH08NG31,synsmall,Applaus,2,1,14
CH08NG31,orig,Applaus,2,2,100
CH08NG31,gauss,Applaus,2,2,3
CH08NG31,synth,Applaus,2,2,43
CH08NG31,synsmall,Applaus,2,2,50
CH08NG31,orig,Applaus,2,3,94
CH08NG31,gauss,Applaus,2,3,3
CH08NG31,synth,Applaus,2,3,19
CH08NG31,synsmall,Applaus,2,3,48
CH08NG31,white,Applaus,2,1,3
CH08NG31,orig,Filmton,1,1,9
CH08NG31,gauss,Filmton,1,1,79
CH08NG31,synth,Filmton,1,1,0
CH08NG31,synsmall,Filmton,1,1,10
CH08NG31,orig,Filmton,1,2,58
CH08NG31,gauss,Filmton,1,2,95
CH08NG31,synth,Filmton,1,2,24
CH08NG31,synsmall,Filmton,1,2,42
CH08NG31,orig,Filmton,1,3,51
CH08NG31,gauss,Filmton,1,3,39
CH08NG31,synth,Filmton,1,3,49
CH08NG31,synsmall,Filmton,1,3,20
CH08NG31,white,Filmton,1,1,24
CH08NG31,orig,Filmton,2,1,58
CH08NG31,gauss,Filmton,2,1,72
CH08NG31,synth,Filmton,2,1,79
CH08NG31,synsmall,Filmton,2,1,46
CH08NG31,orig,Filmton,2,2,39
CH08NG31,gauss,Filmton,2,2,42
CH08NG31,synth,Filmton,2,2,61
CH08NG31,synsmall,Filmton,2,2,23
CH08NG31,orig,Filmton,2,3,10
CH08NG31,gauss,Filmton,2,3,79
CH08NG31,synth,Filmton,2,3,54
CH08NG31,synsmall,Filmton,2,3,40
CH08NG31,white,Filmton,2,1,6
CH08NG31,orig,Kassette,1,1,64
CH08NG31,gauss,Kassette,1,1,95
CH08NG31,synth,Kassette,1,1,65
CH08NG31,synsmall,Kassette,1,1,54
CH08NG31,orig,Kassette,1,2,40
CH08NG31,gauss,Kassette,1,2,25
CH08NG31,synth,Kassette,1,2,39
CH08NG31,synsmall,Kassette,1,2,39
CH08NG31,orig,Kassette,1,3,38
CH08NG31,gauss,Kassette,1,3,94
CH08NG31,synth,Kassette,1,3,75
CH08NG31,synsmall,Kassette,1,3,51
CH08NG31,white,Kassette,1,1,50
CH08NG31,orig,Kassette,2,1,53
CH08NG31,gauss,Kassette,2,1,23
CH08NG31,synth,Kassette,2,1,46
CH08NG31,synsmall,Kassette,2,1,48
CH08NG31,orig,Kassette,2,2,86
CH08NG31,gauss,Kassette,2,2,53
CH08NG31,synth,Kassette,2,2,84
CH08NG31,synsmall,Kassette,2,2,87
CH08NG31,orig,Kassette,2,3,65
CH08NG31,gauss,Kassette,2,3,41
CH08NG31,synth,Kassette,2,3,56
CH08NG31,synsmall,Kassette,2,3,79
CH08NG31,white,Kassette,2,1,95
CH08NG31,orig,Regen,1,1,91
CH08NG31,gauss,Regen,1,1,11
CH08NG31,synth,Regen,1,1,45
CH08NG31,synsmall,Regen,1,1,77
CH08NG31,orig,Regen,1,2,79
CH08NG31,gauss,Regen,1,2,29
CH08NG31,synth,Regen,1,2,74
CH08NG31,synsmall,Regen,1,2,92
CH08NG31,orig,Regen,1,3,98
CH08NG31,gauss,Regen,1,3,33
CH08NG31,synth,Regen,1,3,64
CH08NG31,synsmall,Regen,1,3,65
CH08NG31,white,Regen,1,1,25
CH08NG31,orig,Regen,2,1,81
CH08NG31,gauss,Regen,2,1,8
CH08NG31,synth,Regen,2,1,56
CH08NG31,synsmall,Regen,2,1,64
CH08NG31,orig,Regen,2,2,84
CH08NG31,gauss,Regen,2,2,24
CH08NG31,synth,Regen,2,2,96
CH08NG31,synsmall,Regen,2,2,56
CH08NG31,orig,Regen,2,3,58
CH08NG31,gauss,Regen,2,3,2
CH08NG31,synth,Regen,2,3,78
CH08NG31,synsmall,Regen,2,3,52
CH08NG31,white,Regen,2,1,47
CH08NG31,orig,Schallplatte,1,1,82
CH08NG31,gauss,Schallplatte,1,1,30
CH08NG31,synth,Schallplatte,1,1,37
CH08NG31,synsmall,Schallplatte,1,1,35
CH08NG31,orig,Schallplatte,1,2,12
CH08NG31,gauss,Schallplatte,1,2,11
CH08NG31,synth,Schallplatte,1,2,76
CH08NG31,synsmall,Schallplatte,1,2,90
CH08NG31,orig,Schallplatte,1,3,84
CH08NG31,gauss,Schallplatte,1,3,8
CH08NG31,synth,Schallplatte,1,3,45
CH08NG31,synsmall,Schallplatte,1,3,19
CH08NG31,white,Schallplatte,1,1,8
CH08NG31,orig,Schallplatte,2,1,82
CH08NG31,gauss,Schallplatte,2,1,27
CH08NG31,synth,Schallplatte,2,1,84
CH08NG31,synsmall,Schallplatte,2,1,96
CH08NG31,orig,Schallplatte,2,2,29
CH08NG31,gauss,Schallplatte,2,2,8
CH08NG31,synth,Schallplatte,2,2,21
CH08NG31,synsmall,Schallplatte,2,2,16
CH08NG31,orig,Schallplatte,2,3,66
CH08NG31,gauss,Schallplatte,2,3,7
CH08NG31,synth,Schallplatte,2,3,28
CH08NG31,synsmall,Schallplatte,2,3,44
CH08NG31,white,Schallplatte,2,1,7
DT04EF29,orig,Applaus,1,1,100
DT04EF29,gauss,Applaus,1,1,0
DT04EF29,synth,Applaus,1,1,6
DT04EF29,synsmall,Applaus,1,1,0
DT04EF29,orig,Applaus,1,2,100
DT04EF29,gauss,Applaus,1,2,0
DT04EF29,synth,Applaus,1,2,0
DT04EF29,synsmall,Applaus,1,2,0
DT04EF29,orig,Applaus,1,3,100
DT04EF29,gauss,Applaus,1,3,0
DT04EF29,synth,Applaus,1,3,4
DT04EF29,synsmall,Applaus,1,3,0
DT04EF29,white,Applaus,1,1,0
DT04EF29,orig,Applaus,2,1,100
DT04EF29,gauss,Applaus,2,1,0
DT04EF29,synth,Applaus,2,1,3
DT04EF29,synsmall,Applaus,2,1,4
DT04EF29,orig,Applaus,2,2,100
DT04EF29,gauss,Applaus,2,2,0
DT04EF29,synth,Applaus,2,2,19
DT04EF29,synsmall,Applaus,2,2,14
DT04EF29,orig,Applaus,2,3,100
DT04EF29,gauss,Applaus,2,3,0
DT04EF29,synth,Applaus,2,3,10
DT04EF29,synsmall,Applaus,2,3,8
DT04EF29,white,Applaus,2,1,0
DT04EF29,orig,Filmton,1,1,74
DT04EF29,gauss,Filmton,1,1,29
DT04EF29,synth,Filmton,1,1,100
DT04EF29,synsmall,Filmton,1,1,92
DT04EF29,orig,Filmton,1,2,100
DT04EF29,gauss,Filmton,1,2,0
DT04EF29,synth,Filmton,1,2,100
DT04EF29,synsmall,Filmton,1,2,100
DT04EF29,orig,Filmton,1,3,100
DT04EF29,gauss,Filmton,1,3,0
DT04EF29,synth,Filmton,1,3,100
DT04EF29,synsmall,Filmton,1,3,100
DT04EF29,white,Filmton,1,1,0
DT04EF29,orig,Filmton,2,1,100
DT04EF29,gauss,Filmton,2,1,0
DT04EF29,synth,Filmton,2,1,19
DT04EF29,synsmall,Filmton,2,1,16
DT04EF29,orig,Filmton,2,2,100
DT04EF29,gauss,Filmton,2,2,100
DT04EF29,synth,Filmton,2,2,100
DT04EF29,synsmall,Filmton,2,2,0
DT04EF29,orig,Filmton,2,3,45
DT04EF29,gauss,Filmton,2,3,0
DT04EF29,synth,Filmton,2,3,18
DT04EF29,synsmall,Filmton,2,3,0
DT04EF29,white,Filmton,2,1,0
DT04EF29,orig,Kassette,1,1,0
DT04EF29,gauss,Kassette,1,1,100
DT04EF29,synth,Kassette,1,1,0
DT04EF29,synsmall,Kassette,1,1,0
DT04EF29,orig,Kassette,1,2,0
DT04EF29,gauss,Kassette,1,2,100
DT04EF29,synth,Kassette,1,2,0
DT04EF29,synsmall,Kassette,1,2,0
DT04EF29,orig,Kassette,1,3,0
DT04EF29,gauss,Kassette,1,3,100
DT04EF29,synth,Kassette,1,3,0
DT04EF29,synsmall,Kassette,1,3,0
DT04EF29,white,Kassette,1,1,0
DT04EF29,orig,Kassette,2,1,100
DT04EF29,gauss,Kassette,2,1,100
DT04EF29,synth,Kassette,2,1,0
DT04EF29,synsmall,Kassette,2,1,100
DT04EF29,orig,Kassette,2,2,0
DT04EF29,gauss,Kassette,2,2,0
DT04EF29,synth,Kassette,2,2,0
DT04EF29,synsmall,Kassette,2,2,0
DT04EF29,orig,Kassette,2,3,0
DT04EF29,gauss,Kassette,2,3,100
DT04EF29,synth,Kassette,2,3,0
DT04EF29,synsmall,Kassette,2,3,0
DT04EF29,white,Kassette,2,1,0
DT04EF29,orig,Regen,1,1,100
DT04EF29,gauss,Regen,1,1,0
DT04EF29,synth,Regen,1,1,100
DT04EF29,synsmall,Regen,1,1,100
DT04EF29,orig,Regen,1,2,75
DT04EF29,gauss,Regen,1,2,10
DT04EF29,synth,Regen,1,2,24
DT04EF29,synsmall,Regen,1,2,13
DT04EF29,orig,Regen,1,3,76
DT04EF29,gauss,Regen,1,3,0
DT04EF29,synth,Regen,1,3,100
DT04EF29,synsmall,Regen,1,3,19
DT04EF29,white,Regen,1,1,0
DT04EF29,orig,Regen,2,1,100
DT04EF29,gauss,Regen,2,1,0
DT04EF29,synth,Regen,2,1,14
DT04EF29,synsmall,Regen,2,1,100
DT04EF29,orig,Regen,2,2,100
DT04EF29,gauss,Regen,2,2,0
DT04EF29,synth,Regen,2,2,36
DT04EF29,synsmall,Regen,2,2,100
DT04EF29,orig,Regen,2,3,100
DT04EF29,gauss,Regen,2,3,0
DT04EF29,synth,Regen,2,3,72
DT04EF29,synsmall,Regen,2,3,20
DT04EF29,white,Regen,2,1,0
DT04EF29,orig,Schallplatte,1,1,100
DT04EF29,gauss,Schallplatte,1,1,0
DT04EF29,synth,Schallplatte,1,1,6
DT04EF29,synsmall,Schallplatte,1,1,7
DT04EF29,orig,Schallplatte,1,2,13
DT04EF29,gauss,Schallplatte,1,2,0
DT04EF29,synth,Schallplatte,1,2,38
DT04EF29,synsmall,Schallplatte,1,2,9
DT04EF29,orig,Schallplatte,1,3,47
DT04EF29,gauss,Schallplatte,1,3,0
DT04EF29,synth,Schallplatte,1,3,64
DT04EF29,synsmall,Schallplatte,1,3,63
DT04EF29,white,Schallplatte,1,1,0
DT04EF29,orig,Schallplatte,2,1,100
DT04EF29,gauss,Schallplatte,2,1,0
DT04EF29,synth,Schallplatte,2,1,100
DT04EF29,synsmall,Schallplatte,2,1,52
DT04EF29,orig,Schallplatte,2,2,22
DT04EF29,gauss,Schallplatte,2,2,0
DT04EF29,synth,Schallplatte,2,2,30
DT04EF29,synsmall,Schallplatte,2,2,0
DT04EF29,orig,Schallplatte,2,3,0
DT04EF29,gauss,Schallplatte,2,3,0
DT04EF29,synth,Schallplatte,2,3,0
DT04EF29,synsmall,Schallplatte,2,3,0
DT04EF29,white,Schallplatte,2,1,0
EM08CH15,orig,Applaus,1,1,96
EM08CH15,gauss,Applaus,1,1,7
EM08CH15,synth,Applaus,1,1,69
EM08CH15,synsmall,Applaus,1,1,64
EM08CH15,orig,Applaus,1,2,100
EM08CH15,gauss,Applaus,1,2,0
EM08CH15,synth,Applaus,1,2,33
EM08CH15,synsmall,Applaus,1,2,30
EM08CH15,orig,Applaus,1,3,93
EM08CH15,gauss,Applaus,1,3,13
EM08CH15,synth,Applaus,1,3,85
EM08CH15,synsmall,Applaus,1,3,36
EM08CH15,white,Applaus,1,1,0
EM08CH15,orig,Applaus,2,1,100
EM08CH15,gauss,Applaus,2,1,0
EM08CH15,synth,Applaus,2,1,45
EM08CH15,synsmall,Applaus,2,1,21
EM08CH15,orig,Applaus,2,2,100
EM08CH15,gauss,Applaus,2,2,0
EM08CH15,synth,Applaus,2,2,67
EM08CH15,synsmall,Applaus,2,2,27
EM08CH15,orig,Applaus,2,3,100
EM08CH15,gauss,Applaus,2,3,0
EM08CH15,synth,Applaus,2,3,60
EM08CH15,synsmall,Applaus,2,3,51
EM08CH15,white,Applaus,2,1,0
EM08CH15,orig,Filmton,1,1,15
EM08CH15,gauss,Filmton,1,1,2
EM08CH15,synth,Filmton,1,1,22
EM08CH15,synsmall,Filmton,1,1,29
EM08CH15,orig,Filmton,1,2,91
EM08CH15,gauss,Filmton,1,2,31
EM08CH15,synth,Filmton,1,2,56
EM08CH15,synsmall,Filmton,1,2,24
EM08CH15,orig,Filmton,1,3,53
EM08CH15,gauss,Filmton,1,3,8
EM08CH15,synth,Filmton,1,3,24
EM08CH15,synsmall,Filmton,1,3,33
EM08CH15,white,Filmton,1,1,0
EM08CH15,orig,Filmton,2,1,26
EM08CH15,gauss,Filmton,2,1,11
EM08CH15,synth,Filmton,2,1,10
EM08CH15,synsmall,Filmton,2,1,9
EM08CH15,orig,Filmton,2,2,79
EM08CH15,gauss,Filmton,2,2,9
EM08CH15,synth,Filmton,2,2,44
EM08CH15,synsmall,Filmton,2,2,34
EM08CH15,orig,Filmton,2,3,70
EM08CH15,gauss,Filmton,2,3,43
EM08CH15,synth,Filmton,2,3,39
EM08CH15,synsmall,Filmton,2,3,6
EM08CH15,white,Filmton,2,1,0
EM08CH15,orig,Kassette,1,1,40
EM08CH15,gauss,Kassette,1,1,60
EM08CH15,synth,Kassette,1,1,7
EM08CH15,synsmall,Kassette,1,1,7
EM08CH15,orig,Kassette,1,2,14
EM08CH15,gauss,Kassette,1,2,41
EM08CH15,synth,Kassette,1,2,9
EM08CH15,synsmall,Kassette,1,2,6
EM08CH15,orig,Kassette,1,3,41
EM08CH15,gauss,Kassette,1,3,65
EM08CH15,synth,Kassette,1,3,8
EM08CH15,synsmall,Kassette,1,3,8
EM08CH15,white,Kassette,1,1,14
EM08CH15,orig,Kassette,2,1,82
EM08CH15,gauss,Kassette,2,1,82
EM08CH15,synth,Kassette,2,1,73
EM08CH15,synsmall,Kassette,2,1,70
EM08CH15,orig,Kassette,2,2,25
EM08CH15,gauss,Kassette,2,2,54
EM08CH15,synth,Kassette,2,2,3
EM08CH15,synsmall,Kassette,2,2,9
EM08CH15,orig,Kassette,2,3,20
EM08CH15,gauss,Kassette,2,3,72
EM08CH15,synth,Kassette,2,3,13
EM08CH15,synsmall,Kassette,2,3,52
EM08CH15,white,Kassette,2,1,8
EM08CH15,orig,Regen,1,1,91
EM08CH15,gauss,Regen,1,1,0
EM08CH15,synth,Regen,1,1,66
EM08CH15,synsmall,Regen,1,1,50
EM08CH15,orig,Regen,1,2,52
EM08CH15,gauss,Regen,1,2,10
EM08CH15,synth,Regen,1,2,50
EM08CH15,synsmall,Regen,1,2,30
EM08CH15,orig,Regen,1,3,93
EM08CH15,gauss,Regen,1,3,36
EM08CH15,synth,Regen,1,3,42
EM08CH15,synsmall,Regen,1,3,59
EM08CH15,white,Regen,1,1,0
EM08CH15,orig,Regen,2,1,13
EM08CH15,gauss,Regen,2,1,0
EM08CH15,synth,Regen,2,1,15
EM08CH15,synsmall,Regen,2,1,24
EM08CH15,orig,Regen,2,2,88
EM08CH15,gauss,Regen,2,2,4
EM08CH15,synth,Regen,2,2,52
EM08CH15,synsmall,Regen,2,2,61
EM08CH15,orig,Regen,2,3,95
EM08CH15,gauss,Regen,2,3,13
EM08CH15,synth,Regen,2,3,47
EM08CH15,synsmall,Regen,2,3,55
EM08CH15,white,Regen,2,1,0
EM08CH15,orig,Schallplatte,1,1,93
EM08CH15,gauss,Schallplatte,1,1,3
EM08CH15,synth,Schallplatte,1,1,32
EM08CH15,synsmall,Schallplatte,1,1,13
EM08CH15,orig,Schallplatte,1,2,49
EM08CH15,gauss,Schallplatte,1,2,6
EM08CH15,synth,Schallplatte,1,2,67
EM08CH15,synsmall,Schallplatte,1,2,30
EM08CH15,orig,Schallplatte,1,3,95
EM08CH15,gauss,Schallplatte,1,3,2
EM08CH15,synth,Schallplatte,1,3,35
EM08CH15,synsmall,Schallplatte,1,3,18
EM08CH15,white,Schallplatte,1,1,7
EM08CH15,orig,Schallplatte,2,1,88
EM08CH15,gauss,Schallplatte,2,1,11
EM08CH15,synth,Schallplatte,2,1,88
EM08CH15,synsmall,Schallplatte,2,1,55
EM08CH15,orig,Schallplatte,2,2,38
EM08CH15,gauss,Schallplatte,2,2,0
EM08CH15,synth,Schallplatte,2,2,23
EM08CH15,synsmall,Schallplatte,2,2,26
EM08CH15,orig,Schallplatte,2,3,5
EM08CH15,gauss,Schallplatte,2,3,12
EM08CH15,synth,Schallplatte,2,3,19
EM08CH15,synsmall,Schallplatte,2,3,13
EM08CH15,white,Schallplatte,2,1,0
ER05RD12,orig,Applaus,1,1,89
ER05RD12,gauss,Applaus,1,1,31
ER05RD12,synth,Applaus,1,1,100
ER05RD12,synsmall,Applaus,1,1,21
ER05RD12,orig,Applaus,1,2,100
ER05RD12,gauss,Applaus,1,2,31
ER05RD12,synth,Applaus,1,2,69
ER05RD12,synsmall,Applaus,1,2,69
ER05RD12,orig,Applaus,1,3,0
ER05RD12,gauss,Applaus,1,3,31
ER05RD12,synth,Applaus,1,3,0
ER05RD12,synsmall,Applaus,1,3,69
ER05RD12,white,Applaus,1,1,0
ER05RD12,orig,Applaus,2,1,100
ER05RD12,gauss,Applaus,2,1,11
ER05RD12,synth,Applaus,2,1,11
ER05RD12,synsmall,Applaus,2,1,0
ER05RD12,orig,Applaus,2,2,100
ER05RD12,gauss,Applaus,2,2,5
ER05RD12,synth,Applaus,2,2,22
ER05RD12,synsmall,Applaus,2,2,22
ER05RD12,orig,Applaus,2,3,0
ER05RD12,gauss,Applaus,2,3,11
ER05RD12,synth,Applaus,2,3,11
ER05RD12,synsmall,Applaus,2,3,22
ER05RD12,white,Applaus,2,1,0
ER05RD12,orig,Filmton,1,1,94
ER05RD12,gauss,Filmton,1,1,11
ER05RD12,synth,Filmton,1,1,0
ER05RD12,synsmall,Filmton,1,1,17
ER05RD12,orig,Filmton,1,2,100
ER05RD12,gauss,Filmton,1,2,31
ER05RD12,synth,Filmton,1,2,100
ER05RD12,synsmall,Filmton,1,2,11
ER05RD12,orig,Filmton,1,3,90
ER05RD12,gauss,Filmton,1,3,27
ER05RD12,synth,Filmton,1,3,90
ER05RD12,synsmall,Filmton,1,3,0
ER05RD12,white,Filmton,1,1,0
ER05RD12,orig,Filmton,2,1,100
ER05RD12,gauss,Filmton,2,1,77
ER05RD12,synth,Filmton,2,1,100
ER05RD12,synsmall,Filmton,2,1,68
ER05RD12,orig,Filmton,2,2,100
ER05RD12,gauss,Filmton,2,2,0
ER05RD12,synth,Filmton,2,2,78
ER05RD12,synsmall,Filmton,2,2,66
ER05RD12,orig,Filmton,2,3,100
ER05RD12,gauss,Filmton,2,3,66
ER05RD12,synth,Filmton,2,3,78
ER05RD12,synsmall,Filmton,2,3,79
ER05RD12,white,Filmton,2,1,0
ER05RD12,orig,Kassette,1,1,89
ER05RD12,gauss,Kassette,1,1,72
ER05RD12,synth,Kassette,1,1,43
ER05RD12,synsmall,Kassette,1,1,31
ER05RD12,orig,Kassette,1,2,42
ER05RD12,gauss,Kassette,1,2,0
ER05RD12,synth,Kassette,1,2,30
ER05RD12,synsmall,Kassette,1,2,12
ER05RD12,orig,Kassette,1,3,0
ER05RD12,gauss,Kassette,1,3,62
ER05RD12,synth,Kassette,1,3,18
ER05RD12,synsmall,Kassette,1,3,18
ER05RD12,white,Kassette,1,1,16
ER05RD12,orig,Kassette,2,1,100
ER05RD12,gauss,Kassette,2,1,65
ER05RD12,synth,Kassette,2,1,56
ER05RD12,synsmall,Kassette,2,1,48
ER05RD12,orig,Kassette,2,2,7
ER05RD12,gauss,Kassette,2,2,38
ER05RD12,synth,Kassette,2,2,7
ER05RD12,synsmall,Kassette,2,2,7
ER05RD12,orig,Kassette,2,3,24
ER05RD12,gauss,Kassette,2,3,55
ER05RD12,synth,Kassette,2,3,24
ER05RD12,synsmall,Kassette,2,3,0
ER05RD12,white,Kassette,2,1,0
ER05RD12,orig,Regen,1,1,43
ER05RD12,gauss,Regen,1,1,47
ER05RD12,synth,Regen,1,1,89
ER05RD12,synsmall,Regen,1,1,19
ER05RD12,orig,Regen,1,2,14
ER05RD12,gauss,Regen,1,2,15
ER05RD12,synth,Regen,1,2,41
ER05RD12,synsmall,Regen,1,2,0
ER05RD12,orig,Regen,1,3,62
ER05RD12,gauss,Regen,1,3,70
ER05RD12,synth,Regen,1,3,75
ER05RD12,synsmall,Regen,1,3,0
ER05RD12,white,Regen,1,1,57
ER05RD12,orig,Regen,2,1,14
ER05RD12,gauss,Regen,2,1,7
ER05RD12,synth,Regen,2,1,0
ER05RD12,synsmall,Regen,2,1,64
ER05RD12,orig,Regen,2,2,52
ER05RD12,gauss,Regen,2,2,10
ER05RD12,synth,Regen,2,2,0
ER05RD12,synsmall,Regen,2,2,98
ER05RD12,orig,Regen,2,3,78
ER05RD12,gauss,Regen,2,3,58
ER05RD12,synth,Regen,2,3,78
ER05RD12,synsmall,Regen,2,3,80
ER05RD12,white,Regen,2,1,39
ER05RD12,orig,Schallplatte,1,1,0
ER05RD12,gauss,Schallplatte,1,1,10
ER05RD12,synth,Schallplatte,1,1,73
ER05RD12,synsmall,Schallplatte,1,1,9
ER05RD12,orig,Schallplatte,1,2,55
ER05RD12,gauss,Schallplatte,1,2,0
ER05RD12,synth,Schallplatte,1,2,58
ER05RD12,synsmall,Schallplatte,1,2,49
ER05RD12,orig,Schallplatte,1,3,85
ER05RD12,gauss,Schallplatte,1,3,9
ER05RD12,synth,Schallplatte,1,3,89
ER05RD12,synsmall,Schallplatte,1,3,89
ER05RD12,white,Schallplatte,1,1,0
ER05RD12,orig,Schallplatte,2,1,100
ER05RD12,gauss,Schallplatte,2,1,0
ER05RD12,synth,Schallplatte,2,1,74
ER05RD12,synsmall,Schallplatte,2,1,0
ER05RD12,orig,Schallplatte,2,2,48
ER05RD12,gauss,Schallplatte,2,2,0
ER05RD12,synth,Schallplatte,2,2,48
ER05RD12,synsmall,Schallplatte,2,2,35
ER05RD12,orig,Schallplatte,2,3,0
ER05RD12,gauss,Schallplatte,2,3,21
ER05RD12,synth,Schallplatte,2,3,21
ER05RD12,synsmall,Schallplatte,2,3,43
ER05RD12,white,Schallplatte,2,1,0
GO03IO21,orig,Applaus,1,1,85
GO03IO21,gauss,Applaus,1,1,40
GO03IO21,synth,Applaus,1,1,74
GO03IO21,synsmall,Applaus,1,1,50
GO03IO21,orig,Applaus,1,2,85
GO03IO21,gauss,Applaus,1,2,86
GO03IO21,synth,Applaus,1,2,86
GO03IO21,synsmall,Applaus,1,2,26
GO03IO21,orig,Applaus,1,3,86
GO03IO21,gauss,Applaus,1,3,26
GO03IO21,synth,Applaus,1,3,63
GO03IO21,synsmall,Applaus,1,3,63
GO03IO21,white,Applaus,1,1,0
GO03IO21,orig,Applaus,2,1,100
GO03IO21,gauss,Applaus,2,1,7
GO03IO21,synth,Applaus,2,1,0
GO03IO21,synsmall,Applaus,2,1,50
GO03IO21,orig,Applaus,2,2,100
GO03IO21,gauss,Applaus,2,2,8
GO03IO21,synth,Applaus,2,2,29
GO03IO21,synsmall,Applaus,2,2,27
GO03IO21,orig,Applaus,2,3,100
GO03IO21,gauss,Applaus,2,3,5
GO03IO21,synth,Applaus,2,3,69
GO03IO21,synsmall,Applaus,2,3,26
GO03IO21,white,Applaus,2,1,0
GO03IO21,orig,Filmton,1,1,16
GO03IO21,gauss,Filmton,1,1,16
GO03IO21,synth,Filmton,1,1,39
GO03IO21,synsmall,Filmton,1,1,38
GO03IO21,orig,Filmton,1,2,62
GO03IO21,gauss,Filmton,1,2,0
GO03IO21,synth,Filmton,1,2,38
GO03IO21,synsmall,Filmton,1,2,16
GO03IO21,orig,Filmton,1,3,16
GO03IO21,gauss,Filmton,1,3,0
GO03IO21,synth,Filmton,1,3,15
GO03IO21,synsmall,Filmton,1,3,14
GO03IO21,white,Filmton,1,1,15
GO03IO21,orig,Filmton,2,1,15
GO03IO21,gauss,Filmton,2,1,0
GO03IO21,synth,Filmton,2,1,39
GO03IO21,synsmall,Filmton,2,1,27
GO03IO21,orig,Filmton,2,2,39
GO03IO21,gauss,Filmton,2,2,15
GO03IO21,synth,Filmton,2,2,39
GO03IO21,synsmall,Filmton,2,2,50
GO03IO21,orig,Filmton,2,3,16
GO03IO21,gauss,Filmton,2,3,15
GO03IO21,synth,Filmton,2,3,50
GO03IO21,synsmall,Filmton,2,3,52
GO03IO21,white,Filmton,2,1,0
GO03IO21,orig,Kassette,1,1,100
GO03IO21,gauss,Kassette,1,1,82
GO03IO21,synth,Kassette,1,1,16
GO03IO21,synsmall,Kassette,1,1,63
GO03IO21,orig,Kassette,1,2,61
GO03IO21,gauss,Kassette,1,2,75
GO03IO21,synth,Kassette,1,2,76
GO03IO21,synsmall,Kassette,1,2,62
GO03IO21,orig,Kassette,1,3,15
GO03IO21,gauss,Kassette,1,3,100
GO03IO21,synth,Kassette,1,3,100
GO03IO21,synsmall,Kassette,1,3,49
GO03IO21,white,Kassette,1,1,27
GO03IO21,orig,Kassette,2,1,39
GO03IO21,gauss,Kassette,2,1,50
GO03IO21,synth,Kassette,2,1,16
GO03IO21,synsmall,Kassette,2,1,51
GO03IO21,orig,Kassette,2,2,86
GO03IO21,gauss,Kassette,2,2,85
GO03IO21,synth,Kassette,2,2,86
GO03IO21,synsmall,Kassette,2,2,85
GO03IO21,orig,Kassette,2,3,62
GO03IO21,gauss,Kassette,2,3,17
GO03IO21,synth,Kassette,2,3,39
GO03IO21,synsmall,Kassette,2,3,50
GO03IO21,white,Kassette,2,1,86
GO03IO21,orig,Regen,1,1,62
GO03IO21,gauss,Regen,1,1,0
GO03IO21,synth,Regen,1,1,39
GO03IO21,synsmall,Regen,1,1,100
GO03IO21,orig,Regen,1,2,0
GO03IO21,gauss,Regen,1,2,15
GO03IO21,synth,Regen,1,2,63
GO03IO21,synsmall,Regen,1,2,16
GO03IO21,orig,Regen,1,3,100
GO03IO21,gauss,Regen,1,3,15
GO03IO21,synth,Regen,1,3,16
GO03IO21,synsmall,Regen,1,3,85
GO03IO21,white,Regen,1,1,0
GO03IO21,orig,Regen,2,1,74
GO03IO21,gauss,Regen,2,1,28
GO03IO21,synth,Regen,2,1,15
GO03IO21,synsmall,Regen,2,1,39
GO03IO21,orig,Regen,2,2,100
GO03IO21,gauss,Regen,2,2,4
GO03IO21,synth,Regen,2,2,40
GO03IO21,synsmall,Regen,2,2,100
GO03IO21,orig,Regen,2,3,40
GO03IO21,gauss,Regen,2,3,0
GO03IO21,synth,Regen,2,3,63
GO03IO21,synsmall,Regen,2,3,0
GO03IO21,white,Regen,2,1,0
GO03IO21,orig,Schallplatte,1,1,76
GO03IO21,gauss,Schallplatte,1,1,0
GO03IO21,synth,Schallplatte,1,1,75
GO03IO21,synsmall,Schallplatte,1,1,0
GO03IO21,orig,Schallplatte,1,2,62
GO03IO21,gauss,Schallplatte,1,2,0
GO03IO21,synth,Schallplatte,1,2,85
GO03IO21,synsmall,Schallplatte,1,2,40
GO03IO21,orig,Schallplatte,1,3,86
GO03IO21,gauss,Schallplatte,1,3,0
GO03IO21,synth,Schallplatte,1,3,17
GO03IO21,synsmall,Schallplatte,1,3,15
GO03IO21,white,Schallplatte,1,1,0
GO03IO21,orig,Schallplatte,2,1,100
GO03IO21,gauss,Schallplatte,2,1,12
GO03IO21,synth,Schallplatte,2,1,100
GO03IO21,synsmall,Schallplatte,2,1,51
GO03IO21,orig,Schallplatte,2,2,24
GO03IO21,gauss,Schallplatte,2,2,27
GO03IO21,synth,Schallplatte,2,2,27
GO03IO21,synsmall,Schallplatte,2,2,15
GO03IO21,orig,Schallplatte,2,3,0
GO03IO21,gauss,Schallplatte,2,3,0
GO03IO21,synth,Schallplatte,2,3,27
GO03IO21,synsmall,Schallplatte,2,3,39
GO03IO21,white,Schallplatte,2,1,7
IK06NK06,orig,Applaus,1,1,100
IK06NK06,gauss,Applaus,1,1,0
IK06NK06,synth,Applaus,1,1,68
IK06NK06,synsmall,Applaus,1,1,48
IK06NK06,orig,Applaus,1,2,100
IK06NK06,gauss,Applaus,1,2,0
IK06NK06,synth,Applaus,1,2,65
IK06NK06,synsmall,Applaus,1,2,56
IK06NK06,orig,Applaus,1,3,100
IK06NK06,gauss,Applaus,1,3,0
IK06NK06,synth,Applaus,1,3,63
IK06NK06,synsmall,Applaus,1,3,73
IK06NK06,white,Applaus,1,1,0
IK06NK06,orig,Applaus,2,1,100
IK06NK06,gauss,Applaus,2,1,0
IK06NK06,synth,Applaus,2,1,83
IK06NK06,synsmall,Applaus,2,1,47
IK06NK06,orig,Applaus,2,2,100
IK06NK06,gauss,Applaus,2,2,0
IK06NK06,synth,Applaus,2,2,87
IK06NK06,synsmall,Applaus,2,2,46
IK06NK06,orig,Applaus,2,3,100
IK06NK06,gauss,Applaus,2,3,0
IK06NK06,synth,Applaus,2,3,70
IK06NK06,synsmall,Applaus,2,3,66
IK06NK06,white,Applaus,2,1,0
IK06NK06,orig,Filmton,1,1,100
IK06NK06,gauss,Filmton,1,1,32
IK06NK06,synth,Filmton,1,1,100
IK06NK06,synsmall,Filmton,1,1,85
IK06NK06,orig,Filmton,1,2,100
IK06NK06,gauss,Filmton,1,2,48
IK06NK06,synth,Filmton,1,2,65
IK06NK06,synsmall,Filmton,1,2,85
IK06NK06,orig,Filmton,1,3,100
IK06NK06,gauss,Filmton,1,3,39
IK06NK06,synth,Filmton,1,3,100
IK06NK06,synsmall,Filmton,1,3,100
IK06NK06,white,Filmton,1,1,0
IK06NK06,orig,Filmton,2,1,94
IK06NK06,gauss,Filmton,2,1,37
IK06NK06,synth,Filmton,2,1,82
IK06NK06,synsmall,Filmton,2,1,66
IK06NK06,orig,Filmton,2,2,100
IK06NK06,gauss,Filmton,2,2,22
IK06NK06,synth,Filmton,2,2,100
IK06NK06,synsmall,Filmton,2,2,99
IK06NK06,orig,Filmton,2,3,100
IK06NK06,gauss,Filmton,2,3,27
IK06NK06,synth,Filmton,2,3,100
IK06NK06,synsmall,Filmton,2,3,78
IK06NK06,white,Filmton,2,1,0
IK06NK06,orig,Kassette,1,1,91
IK06NK06,gauss,Kassette,1,1,83
IK06NK06,synth,Kassette,1,1,90
IK06NK06,synsmall,Kassette,1,1,20
IK06NK06,orig,Kassette,1,2,98
IK06NK06,gauss,Kassette,1,2,37
IK06NK06,synth,Kassette,1,2,79
IK06NK06,synsmall,Kassette,1,2,64
IK06NK06,orig,Kassette,1,3,96
IK06NK06,gauss,Kassette,1,3,87
IK06NK06,synth,Kassette,1,3,89
IK06NK06,synsmall,Kassette,1,3,50
IK06NK06,white,Kassette,1,1,78
IK06NK06,orig,Kassette,2,1,65
IK06NK06,gauss,Kassette,2,1,0
IK06NK06,synth,Kassette,2,1,43
IK06NK06,synsmall,Kassette,2,1,76
IK06NK06,orig,Kassette,2,2,92
IK06NK06,gauss,Kassette,2,2,59
IK06NK06,synth,Kassette,2,2,82
IK06NK06,synsmall,Kassette,2,2,90
IK06NK06,orig,Kassette,2,3,94
IK06NK06,gauss,Kassette,2,3,73
IK06NK06,synth,Kassette,2,3,90
IK06NK06,synsmall,Kassette,2,3,81
IK06NK06,white,Kassette,2,1,0
IK06NK06,orig,Regen,1,1,100
IK06NK06,gauss,Regen,1,1,31
IK06NK06,synth,Regen,1,1,99
IK06NK06,synsmall,Regen,1,1,84
IK06NK06,orig,Regen,1,2,100
IK06NK06,gauss,Regen,1,2,62
IK06NK06,synth,Regen,1,2,84
IK06NK06,synsmall,Regen,1,2,95
IK06NK06,orig,Regen,1,3,100
IK06NK06,gauss,Regen,1,3,26
IK06NK06,synth,Regen,1,3,100
IK06NK06,synsmall,Regen,1,3,99
IK06NK06,white,Regen,1,1,45
IK06NK06,orig,Regen,2,1,100
IK06NK06,gauss,Regen,2,1,0
IK06NK06,synth,Regen,2,1,26
IK06NK06,synsmall,Regen,2,1,78
IK06NK06,orig,Regen,2,2,100
IK06NK06,gauss,Regen,2,2,22
IK06NK06,synth,Regen,2,2,82
IK06NK06,synsmall,Regen,2,2,84
IK06NK06,orig,Regen,2,3,100
IK06NK06,gauss,Regen,2,3,28
IK06NK06,synth,Regen,2,3,86
IK06NK06,synsmall,Regen,2,3,43
IK06NK06,white,Regen,2,1,50
IK06NK06,orig,Schallplatte,1,1,100
IK06NK06,gauss,Schallplatte,1,1,0
IK06NK06,synth,Schallplatte,1,1,87
IK06NK06,synsmall,Schallplatte,1,1,83
IK06NK06,orig,Schallplatte,1,2,92
IK06NK06,gauss,Schallplatte,1,2,0
IK06NK06,synth,Schallplatte,1,2,100
IK06NK06,synsmall,Schallplatte,1,2,100
IK06NK06,orig,Schallplatte,1,3,100
IK06NK06,gauss,Schallplatte,1,3,44
IK06NK06,synth,Schallplatte,1,3,99
IK06NK06,synsmall,Schallplatte,1,3,84
IK06NK06,white,Schallplatte,1,1,0
IK06NK06,orig,Schallplatte,2,1,100
IK06NK06,gauss,Schallplatte,2,1,0
IK06NK06,synth,Schallplatte,2,1,100
IK06NK06,synsmall,Schallplatte,2,1,90
IK06NK06,orig,Schallplatte,2,2,100
IK06NK06,gauss,Schallplatte,2,2,0
IK06NK06,synth,Schallplatte,2,2,70
IK06NK06,synsmall,Schallplatte,2,2,86
IK06NK06,orig,Schallplatte,2,3,1
IK06NK06,gauss,Schallplatte,2,3,0
IK06NK06,synth,Schallplatte,2,3,0
IK06NK06,synsmall,Schallplatte,2,3,72
IK06NK06,white,Schallplatte,2,1,0
KE07IM08,orig,Applaus,1,1,100
KE07IM08,gauss,Applaus,1,1,0
KE07IM08,synth,Applaus,1,1,26
KE07IM08,synsmall,Applaus,1,1,22
KE07IM08,orig,Applaus,1,2,39
KE07IM08,gauss,Applaus,1,2,9
KE07IM08,synth,Applaus,1,2,22
KE07IM08,synsmall,Applaus,1,2,0
KE07IM08,orig,Applaus,1,3,47
KE07IM08,gauss,Applaus,1,3,14
KE07IM08,synth,Applaus,1,3,10
KE07IM08,synsmall,Applaus,1,3,9
KE07IM08,white,Applaus,1,1,0
KE07IM08,orig,Applaus,2,1,100
KE07IM08,gauss,Applaus,2,1,0
KE07IM08,synth,Applaus,2,1,37
KE07IM08,synsmall,Applaus,2,1,21
KE07IM08,orig,Applaus,2,2,100
KE07IM08,gauss,Applaus,2,2,2
KE07IM08,synth,Applaus,2,2,14
KE07IM08,synsmall,Applaus,2,2,32
KE07IM08,orig,Applaus,2,3,100
KE07IM08,gauss,Applaus,2,3,0
KE07IM08,synth,Applaus,2,3,33
KE07IM08,synsmall,Applaus,2,3,22
KE07IM08,white,Applaus,2,1,0
KE07IM08,orig,Filmton,1,1,54
KE07IM08,gauss,Filmton,1,1,26
KE07IM08,synth,Filmton,1,1,40
KE07IM08,synsmall,Filmton,1,1,37
KE07IM08,orig,Filmton,1,2,100
KE07IM08,gauss,Filmton,1,2,0
KE07IM08,synth,Filmton,1,2,70
KE07IM08,synsmall,Filmton,1,2,42
KE07IM08,orig,Filmton,1,3,23
KE07IM08,gauss,Filmton,1,3,15
KE07IM08,synth,Filmton,1,3,23
KE07IM08,synsmall,Filmton,1,3,13
KE07IM08,white,Filmton,1,1,16
KE07IM08,orig,Filmton,2,1,16
KE07IM08,gauss,Filmton,2,1,0
KE07IM08,synth,Filmton,2,1,0
KE07IM08,synsmall,Filmton,2,1,0
KE07IM08,orig,Filmton,2,2,37
KE07IM08,gauss,Filmton,2,2,0
KE07IM08,synth,Filmton,2,2,0
KE07IM08,synsmall,Filmton,2,2,34
KE07IM08,orig,Filmton,2,3,22
KE07IM08,gauss,Filmton,2,3,0
KE07IM08,synth,Filmton,2,3,0
KE07IM08,synsmall,Filmton,2,3,0
KE07IM08,white,Filmton,2,1,11
KE07IM08,orig,Kassette,1,1,100
KE07IM08,gauss,Kassette,1,1,91
KE07IM08,synth,Kassette,1,1,100
KE07IM08,synsmall,Kassette,1,1,88
KE07IM08,orig,Kassette,1,2,93
KE07IM08,gauss,Kassette,1,2,62
KE07IM08,synth,Kassette,1,2,93
KE07IM08,synsmall,Kassette,1,2,92
KE07IM08,orig,Kassette,1,3,76
KE07IM08,gauss,Kassette,1,3,96
KE07IM08,synth,Kassette,1,3,85
KE07IM08,synsmall,Kassette,1,3,72
KE07IM08,white,Kassette,1,1,73
KE07IM08,orig,Kassette,2,1,100
KE07IM08,gauss,Kassette,2,1,18
KE07IM08,synth,Kassette,2,1,0
KE07IM08,synsmall,Kassette,2,1,47
KE07IM08,orig,Kassette,2,2,85
KE07IM08,gauss,Kassette,2,2,89
KE07IM08,synth,Kassette,2,2,84
KE07IM08,synsmall,Kassette,2,2,87
KE07IM08,orig,Kassette,2,3,100
KE07IM08,gauss,Kassette,2,3,28
KE07IM08,synth,Kassette,2,3,90
KE07IM08,synsmall,Kassette,2,3,65
KE07IM08,white,Kassette,2,1,62
KE07IM08,orig,Regen,1,1,100
KE07IM08,gauss,Regen,1,1,0
KE07IM08,synth,Regen,1,1,26
KE07IM08,synsmall,Regen,1,1,8
KE07IM08,orig,Regen,1,2,62
KE07IM08,gauss,Regen,1,2,0
KE07IM08,synth,Regen,1,2,4
KE07IM08,synsmall,Regen,1,2,4
KE07IM08,orig,Regen,1,3,80
KE07IM08,gauss,Regen,1,3,6
KE07IM08,synth,Regen,1,3,13
KE07IM08,synsmall,Regen,1,3,26
KE07IM08,white,Regen,1,1,11
KE07IM08,orig,Regen,2,1,26
KE07IM08,gauss,Regen,2,1,0
KE07IM08,synth,Regen,2,1,0
KE07IM08,synsmall,Regen,2,1,6
KE07IM08,orig,Regen,2,2,100
KE07IM08,gauss,Regen,2,2,0
KE07IM08,synth,Regen,2,2,2
KE07IM08,synsmall,Regen,2,2,20
KE07IM08,orig,Regen,2,3,66
KE07IM08,gauss,Regen,2,3,0
KE07IM08,synth,Regen,2,3,13
KE07IM08,synsmall,Regen,2,3,23
KE07IM08,white,Regen,2,1,0
KE07IM08,orig,Schallplatte,1,1,100
KE07IM08,gauss,Schallplatte,1,1,0
KE07IM08,synth,Schallplatte,1,1,41
KE07IM08,synsmall,Schallplatte,1,1,0
KE07IM08,orig,Schallplatte,1,2,18
KE07IM08,gauss,Schallplatte,1,2,0
KE07IM08,synth,Schallplatte,1,2,63
KE07IM08,synsmall,Schallplatte,1,2,32
KE07IM08,orig,Schallplatte,1,3,91
KE07IM08,gauss,Schallplatte,1,3,0
KE07IM08,synth,Schallplatte,1,3,12
KE07IM08,synsmall,Schallplatte,1,3,27
KE07IM08,white,Schallplatte,1,1,0
KE07IM08,orig,Schallplatte,2,1,100
KE07IM08,gauss,Schallplatte,2,1,0
KE07IM08,synth,Schallplatte,2,1,100
KE07IM08,synsmall,Schallplatte,2,1,100
KE07IM08,orig,Schallplatte,2,2,26
KE07IM08,gauss,Schallplatte,2,2,0
KE07IM08,synth,Schallplatte,2,2,0
KE07IM08,synsmall,Schallplatte,2,2,9
KE07IM08,orig,Schallplatte,2,3,0
KE07IM08,gauss,Schallplatte,2,3,0
KE07IM08,synth,Schallplatte,2,3,0
KE07IM08,synsmall,Schallplatte,2,3,0
KE07IM08,white,Schallplatte,2,1,0
LM06US12,orig,Applaus,1,1,19
LM06US12,gauss,Applaus,1,1,0
LM06US12,synth,Applaus,1,1,0
LM06US12,synsmall,Applaus,1,1,0
LM06US12,orig,Applaus,1,2,0
LM06US12,gauss,Applaus,1,2,0
LM06US12,synth,Applaus,1,2,0
LM06US12,synsmall,Applaus,1,2,0
LM06US12,orig,Applaus,1,3,0
LM06US12,gauss,Applaus,1,3,0
LM06US12,synth,Applaus,1,3,0
LM06US12,synsmall,Applaus,1,3,0
LM06US12,white,Applaus,1,1,0
LM06US12,orig,Applaus,2,1,47
LM06US12,gauss,Applaus,2,1,0
LM06US12,synth,Applaus,2,1,0
LM06US12,synsmall,Applaus,2,1,0
LM06US12,orig,Applaus,2,2,17
LM06US12,gauss,Applaus,2,2,0
LM06US12,synth,Applaus,2,2,0
LM06US12,synsmall,Applaus,2,2,0
LM06US12,orig,Applaus,2,3,77
LM06US12,gauss,Applaus,2,3,0
LM06US12,synth,Applaus,2,3,0
LM06US12,synsmall,Applaus,2,3,0
LM06US12,white,Applaus,2,1,0
LM06US12,orig,Filmton,1,1,0
LM06US12,gauss,Filmton,1,1,0
LM06US12,synth,Filmton,1,1,0
LM06US12,synsmall,Filmton,1,1,0
LM06US12,orig,Filmton,1,2,40
LM06US12,gauss,Filmton,1,2,0
LM06US12,synth,Filmton,1,2,0
LM06US12,synsmall,Filmton,1,2,0
LM06US12,orig,Filmton,1,3,21
LM06US12,gauss,Filmton,1,3,0
LM06US12,synth,Filmton,1,3,20
LM06US12,synsmall,Filmton,1,3,0
LM06US12,white,Filmton,1,1,0
LM06US12,orig,Filmton,2,1,0
LM06US12,gauss,Filmton,2,1,0
LM06US12,synth,Filmton,2,1,0
LM06US12,synsmall,Filmton,2,1,0
LM06US12,orig,Filmton,2,2,0
LM06US12,gauss,Filmton,2,2,0
LM06US12,synth,Filmton,2,2,0
LM06US12,synsmall,Filmton,2,2,0
LM06US12,orig,Filmton,2,3,0
LM06US12,gauss,Filmton,2,3,0
LM06US12,synth,Filmton,2,3,0
LM06US12,synsmall,Filmton,2,3,0
LM06US12,white,Filmton,2,1,0
LM06US12,orig,Kassette,1,1,26
LM06US12,gauss,Kassette,1,1,0
LM06US12,synth,Kassette,1,1,0
LM06US12,synsmall,Kassette,1,1,0
LM06US12,orig,Kassette,1,2,22
LM06US12,gauss,Kassette,1,2,0
LM06US12,synth,Kassette,1,2,0
LM06US12,synsmall,Kassette,1,2,0
LM06US12,orig,Kassette,1,3,0
LM06US12,gauss,Kassette,1,3,0
LM06US12,synth,Kassette,1,3,0
LM06US12,synsmall,Kassette,1,3,0
LM06US12,white,Kassette,1,1,0
LM06US12,orig,Kassette,2,1,47
LM06US12,gauss,Kassette,2,1,0
LM06US12,synth,Kassette,2,1,0
LM06US12,synsmall,Kassette,2,1,0
LM06US12,orig,Kassette,2,2,46
LM06US12,gauss,Kassette,2,2,0
LM06US12,synth,Kassette,2,2,39
LM06US12,synsmall,Kassette,2,2,0
LM06US12,orig,Kassette,2,3,0
LM06US12,gauss,Kassette,2,3,0
LM06US12,synth,Kassette,2,3,0
LM06US12,synsmall,Kassette,2,3,0
LM06US12,white,Kassette,2,1,26
LM06US12,orig,Regen,1,1,68
LM06US12,gauss,Regen,1,1,0
LM06US12,synth,Regen,1,1,0
LM06US12,synsmall,Regen,1,1,0
LM06US12,orig,Regen,1,2,22
LM06US12,gauss,Regen,1,2,0
LM06US12,synth,Regen,1,2,0
LM06US12,synsmall,Regen,1,2,0
LM06US12,orig,Regen,1,3,23
LM06US12,gauss,Regen,1,3,0
LM06US12,synth,Regen,1,3,0
LM06US12,synsmall,Regen,1,3,0
LM06US12,white,Regen,1,1,0
LM06US12,orig,Regen,2,1,10
LM06US12,gauss,Regen,2,1,0
LM06US12,synth,Regen,2,1,0
LM06US12,synsmall,Regen,2,1,0
LM06US12,orig,Regen,2,2,76
LM06US12,gauss,Regen,2,2,0
LM06US12,synth,Regen,2,2,0
LM06US12,synsmall,Regen,2,2,0
LM06US12,orig,Regen,2,3,0
LM06US12,gauss,Regen,2,3,0
LM06US12,synth,Regen,2,3,0
LM06US12,synsmall,Regen,2,3,0
LM06US12,white,Regen,2,1,0
LM06US12,orig,Schallplatte,1,1,79
LM06US12,gauss,Schallplatte,1,1,0
LM06US12,synth,Schallplatte,1,1,0
LM06US12,synsmall,Schallplatte,1,1,0
LM06US12,orig,Schallplatte,1,2,0
LM06US12,gauss,Schallplatte,1,2,0
LM06US12,synth,Schallplatte,1,2,0
LM06US12,synsmall,Schallplatte,1,2,0
LM06US12,orig,Schallplatte,1,3,6
LM06US12,gauss,Schallplatte,1,3,0
LM06US12,synth,Schallplatte,1,3,0
LM06US12,synsmall,Schallplatte,1,3,0
LM06US12,white,Schallplatte,1,1,0
LM06US12,orig,Schallplatte,2,1,50
LM06US12,gauss,Schallplatte,2,1,0
LM06US12,synth,Schallplatte,2,1,16
LM06US12,synsmall,Schallplatte,2,1,0
LM06US12,orig,Schallplatte,2,2,0
LM06US12,gauss,Schallplatte,2,2,0
LM06US12,synth,Schallplatte,2,2,0
LM06US12,synsmall,Schallplatte,2,2,0
LM06US12,orig,Schallplatte,2,3,0
LM06US12,gauss,Schallplatte,2,3,0
LM06US12,synth,Schallplatte,2,3,0
LM06US12,synsmall,Schallplatte,2,3,0
LM06US12,white,Schallplatte,2,1,0
RG07EN06,orig,Applaus,1,1,58
RG07EN06,gauss,Applaus,1,1,23
RG07EN06,synth,Applaus,1,1,16
RG07EN06,synsmall,Applaus,1,1,9
RG07EN06,orig,Applaus,1,2,81
RG07EN06,gauss,Applaus,1,2,59
RG07EN06,synth,Applaus,1,2,34
RG07EN06,synsmall,Applaus,1,2,12
RG07EN06,orig,Applaus,1,3,67
RG07EN06,gauss,Applaus,1,3,45
RG07EN06,synth,Applaus,1,3,49
RG07EN06,synsmall,Applaus,1,3,8
RG07EN06,white,Applaus,1,1,1
RG07EN06,orig,Applaus,2,1,67
RG07EN06,gauss,Applaus,2,1,4
RG07EN06,synth,Applaus,2,1,7
RG07EN06,synsmall,Applaus,2,1,22
RG07EN06,orig,Applaus,2,2,40
RG07EN06,gauss,Applaus,2,2,23
RG07EN06,synth,Applaus,2,2,15
RG07EN06,synsmall,Applaus,2,2,21
RG07EN06,orig,Applaus,2,3,58
RG07EN06,gauss,Applaus,2,3,25
RG07EN06,synth,Applaus,2,3,19
RG07EN06,synsmall,Applaus,2,3,17
RG07EN06,white,Applaus,2,1,1
RG07EN06,orig,Filmton,1,1,18
RG07EN06,gauss,Filmton,1,1,9
RG07EN06,synth,Filmton,1,1,43
RG07EN06,synsmall,Filmton,1,1,42
RG07EN06,orig,Filmton,1,2,68
RG07EN06,gauss,Filmton,1,2,5
RG07EN06,synth,Filmton,1,2,31
RG07EN06,synsmall,Filmton,1,2,44
RG07EN06,orig,Filmton,1,3,69
RG07EN06,gauss,Filmton,1,3,1
RG07EN06,synth,Filmton,1,3,37
RG07EN06,synsmall,Filmton,1,3,54
RG07EN06,white,Filmton,1,1,1
RG07EN06,orig,Filmton,2,1,26
RG07EN06,gauss,Filmton,2,1,13
RG07EN06,synth,Filmton,2,1,5
RG07EN06,synsmall,Filmton,2,1,4
RG07EN06,orig,Filmton,2,2,58
RG07EN06,gauss,Filmton,2,2,33
RG07EN06,synth,Filmton,2,2,38
RG07EN06,synsmall,Filmton,2,2,4
RG07EN06,orig,Filmton,2,3,11
RG07EN06,gauss,Filmton,2,3,25
RG07EN06,synth,Filmton,2,3,60
RG07EN06,synsmall,Filmton,2,3,1
RG07EN06,white,Filmton,2,1,8
RG07EN06,orig,Kassette,1,1,25
RG07EN06,gauss,Kassette,1,1,40
RG07EN06,synth,Kassette,1,1,5
RG07EN06,synsmall,Kassette,1,1,1
RG07EN06,orig,Kassette,1,2,12
RG07EN06,gauss,Kassette,1,2,6
RG07EN06,synth,Kassette,1,2,2
RG07EN06,synsmall,Kassette,1,2,3
RG07EN06,orig,Kassette,1,3,5
RG07EN06,gauss,Kassette,1,3,52
RG07EN06,synth,Kassette,1,3,7
RG07EN06,synsmall,Kassette,1,3,3
RG07EN06,white,Kassette,1,1,2
RG07EN06,orig,Kassette,2,1,20
RG07EN06,gauss,Kassette,2,1,20
RG07EN06,synth,Kassette,2,1,6
RG07EN06,synsmall,Kassette,2,1,13
RG07EN06,orig,Kassette,2,2,15
RG07EN06,gauss,Kassette,2,2,18
RG07EN06,synth,Kassette,2,2,2
RG07EN06,synsmall,Kassette,2,2,1
RG07EN06,orig,Kassette,2,3,6
RG07EN06,gauss,Kassette,2,3,22
RG07EN06,synth,Kassette,2,3,1
RG07EN06,synsmall,Kassette,2,3,3
RG07EN06,white,Kassette,2,1,11
RG07EN06,orig,Regen,1,1,69
RG07EN06,gauss,Regen,1,1,32
RG07EN06,synth,Regen,1,1,6
RG07EN06,synsmall,Regen,1,1,7
RG07EN06,orig,Regen,1,2,1
RG07EN06,gauss,Regen,1,2,3
RG07EN06,synth,Regen,1,2,18
RG07EN06,synsmall,Regen,1,2,22
RG07EN06,orig,Regen,1,3,60
RG07EN06,gauss,Regen,1,3,8
RG07EN06,synth,Regen,1,3,19
RG07EN06,synsmall,Regen,1,3,29
RG07EN06,white,Regen,1,1,36
RG07EN06,orig,Regen,2,1,17
RG07EN06,gauss,Regen,2,1,5
RG07EN06,synth,Regen,2,1,13
RG07EN06,synsmall,Regen,2,1,4
RG07EN06,orig,Regen,2,2,30
RG07EN06,gauss,Regen,2,2,2
RG07EN06,synth,Regen,2,2,21
RG07EN06,synsmall,Regen,2,2,5
RG07EN06,orig,Regen,2,3,24
RG07EN06,gauss,Regen,2,3,42
RG07EN06,synth,Regen,2,3,46
RG07EN06,synsmall,Regen,2,3,8
RG07EN06,white,Regen,2,1,16
RG07EN06,orig,Schallplatte,1,1,29
RG07EN06,gauss,Schallplatte,1,1,2
RG07EN06,synth,Schallplatte,1,1,31
RG07EN06,synsmall,Schallplatte,1,1,34
RG07EN06,orig,Schallplatte,1,2,38
RG07EN06,gauss,Schallplatte,1,2,11
RG07EN06,synth,Schallplatte,1,2,55
RG07EN06,synsmall,Schallplatte,1,2,20
RG07EN06,orig,Schallplatte,1,3,70
RG07EN06,gauss,Schallplatte,1,3,22
RG07EN06,synth,Schallplatte,1,3,30
RG07EN06,synsmall,Schallplatte,1,3,42
RG07EN06,white,Schallplatte,1,1,1
RG07EN06,orig,Schallplatte,2,1,52
RG07EN06,gauss,Schallplatte,2,1,7
RG07EN06,synth,Schallplatte,2,1,83
RG07EN06,synsmall,Schallplatte,2,1,83
RG07EN06,orig,Schallplatte,2,2,46
RG07EN06,gauss,Schallplatte,2,2,20
RG07EN06,synth,Schallplatte,2,2,50
RG07EN06,synsmall,Schallplatte,2,2,8
RG07EN06,orig,Schallplatte,2,3,1
RG07EN06,gauss,Schallplatte,2,3,1
RG07EN06,synth,Schallplatte,2,3,13
RG07EN06,synsmall,Schallplatte,2,3,15
RG07EN06,white,Schallplatte,2,1,5
RR08RL10,orig,Applaus,1,1,85
RR08RL10,gauss,Applaus,1,1,3
RR08RL10,synth,Applaus,1,1,50
RR08RL10,synsmall,Applaus,1,1,41
RR08RL10,orig,Applaus,1,2,68
RR08RL10,gauss,Applaus,1,2,5
RR08RL10,synth,Applaus,1,2,65
RR08RL10,synsmall,Applaus,1,2,40
RR08RL10,orig,Applaus,1,3,100
RR08RL10,gauss,Applaus,1,3,21
RR08RL10,synth,Applaus,1,3,57
RR08RL10,synsmall,Applaus,1,3,39
RR08RL10,white,Applaus,1,1,0
RR08RL10,orig,Applaus,2,1,94
RR08RL10,gauss,Applaus,2,1,1
RR08RL10,synth,Applaus,2,1,14
RR08RL10,synsmall,Applaus,2,1,81
RR08RL10,orig,Applaus,2,2,22
RR08RL10,gauss,Applaus,2,2,1
RR08RL10,synth,Applaus,2,2,49
RR08RL10,synsmall,Applaus,2,2,83
RR08RL10,orig,Applaus,2,3,100
RR08RL10,gauss,Applaus,2,3,3
RR08RL10,synth,Applaus,2,3,7
RR08RL10,synsmall,Applaus,2,3,37
RR08RL10,white,Applaus,2,1,0
RR08RL10,orig,Filmton,1,1,35
RR08RL10,gauss,Filmton,1,1,0
RR08RL10,synth,Filmton,1,1,25
RR08RL10,synsmall,Filmton,1,1,36
RR08RL10,orig,Filmton,1,2,100
RR08RL10,gauss,Filmton,1,2,0
RR08RL10,synth,Filmton,1,2,55
RR08RL10,synsmall,Filmton,1,2,18
RR08RL10,orig,Filmton,1,3,86
RR08RL10,gauss,Filmton,1,3,10
RR08RL10,synth,Filmton,1,3,33
RR08RL10,synsmall,Filmton,1,3,76
RR08RL10,white,Filmton,1,1,0
RR08RL10,orig,Filmton,2,1,7
RR08RL10,gauss,Filmton,2,1,17
RR08RL10,synth,Filmton,2,1,100
RR08RL10,synsmall,Filmton,2,1,1
RR08RL10,orig,Filmton,2,2,39
RR08RL10,gauss,Filmton,2,2,56
RR08RL10,synth,Filmton,2,2,82
RR08RL10,synsmall,Filmton,2,2,6
RR08RL10,orig,Filmton,2,3,33
RR08RL10,gauss,Filmton,2,3,42
RR08RL10,synth,Filmton,2,3,7
RR08RL10,synsmall,Filmton,2,3,28
RR08RL10,white,Filmton,2,1,0
RR08RL10,orig,Kassette,1,1,96
RR08RL10,gauss,Kassette,1,1,63
RR08RL10,synth,Kassette,1,1,61
RR08RL10,synsmall,Kassette,1,1,78
RR08RL10,orig,Kassette,1,2,88
RR08RL10,gauss,Kassette,1,2,1
RR08RL10,synth,Kassette,1,2,20
RR08RL10,synsmall,Kassette,1,2,6
RR08RL10,orig,Kassette,1,3,93
RR08RL10,gauss,Kassette,1,3,5
RR08RL10,synth,Kassette,1,3,54
RR08RL10,synsmall,Kassette,1,3,32
RR08RL10,white,Kassette,1,1,5
RR08RL10,orig,Kassette,2,1,100
RR08RL10,gauss,Kassette,2,1,1
RR08RL10,synth,Kassette,2,1,84
RR08RL10,synsmall,Kassette,2,1,47
RR08RL10,orig,Kassette,2,2,35
RR08RL10,gauss,Kassette,2,2,67
RR08RL10,synth,Kassette,2,2,25
RR08RL10,synsmall,Kassette,2,2,30
RR08RL10,orig,Kassette,2,3,79
RR08RL10,gauss,Kassette,2,3,14
RR08RL10,synth,Kassette,2,3,20
RR08RL10,synsmall,Kassette,2,3,48
RR08RL10,white,Kassette,2,1,0
RR08RL10,orig,Regen,1,1,100
RR08RL10,gauss,Regen,1,1,11
RR08RL10,synth,Regen,1,1,97
RR08RL10,synsmall,Regen,1,1,65
RR08RL10,orig,Regen,1,2,25
RR08RL10,gauss,Regen,1,2,15
RR08RL10,synth,Regen,1,2,19
RR08RL10,synsmall,Regen,1,2,10
RR08RL10,orig,Regen,1,3,100
RR08RL10,gauss,Regen,1,3,7
RR08RL10,synth,Regen,1,3,70
RR08RL10,synsmall,Regen,1,3,62
RR08RL10,white,Regen,1,1,1
RR08RL10,orig,Regen,2,1,75
RR08RL10,gauss,Regen,2,1,0
RR08RL10,synth,Regen,2,1,17
RR08RL10,synsmall,Regen,2,1,59
RR08RL10,orig,Regen,2,2,100
RR08RL10,gauss,Regen,2,2,2
RR08RL10,synth,Regen,2,2,37
RR08RL10,synsmall,Regen,2,2,96
RR08RL10,orig,Regen,2,3,92
RR08RL10,gauss,Regen,2,3,14
RR08RL10,synth,Regen,2,3,98
RR08RL10,synsmall,Regen,2,3,74
RR08RL10,white,Regen,2,1,0
RR08RL10,orig,Schallplatte,1,1,41
RR08RL10,gauss,Schallplatte,1,1,0
RR08RL10,synth,Schallplatte,1,1,68
RR08RL10,synsmall,Schallplatte,1,1,38
RR08RL10,orig,Schallplatte,1,2,1
RR08RL10,gauss,Schallplatte,1,2,0
RR08RL10,synth,Schallplatte,1,2,93
RR08RL10,synsmall,Schallplatte,1,2,46
RR08RL10,orig,Schallplatte,1,3,100
RR08RL10,gauss,Schallplatte,1,3,1
RR08RL10,synth,Schallplatte,1,3,60
RR08RL10,synsmall,Schallplatte,1,3,56
RR08RL10,white,Schallplatte,1,1,0
RR08RL10,orig,Schallplatte,2,1,59
RR08RL10,gauss,Schallplatte,2,1,2
RR08RL10,synth,Schallplatte,2,1,40
RR08RL10,synsmall,Schallplatte,2,1,77
RR08RL10,orig,Schallplatte,2,2,100
RR08RL10,gauss,Schallplatte,2,2,4
RR08RL10,synth,Schallplatte,2,2,31
RR08RL10,synsmall,Schallplatte,2,2,87
RR08RL10,orig,Schallplatte,2,3,0
RR08RL10,gauss,Schallplatte,2,3,2
RR08RL10,synth,Schallplatte,2,3,7
RR08RL10,synsmall,Schallplatte,2,3,44
RR08RL10,white,Schallplatte,2,1,0
SE05TO10,orig,Applaus,1,1,87
SE05TO10,gauss,Applaus,1,1,27
SE05TO10,synth,Applaus,1,1,56
SE05TO10,synsmall,Applaus,1,1,30
SE05TO10,orig,Applaus,1,2,75
SE05TO10,gauss,Applaus,1,2,28
SE05TO10,synth,Applaus,1,2,38
SE05TO10,synsmall,Applaus,1,2,0
SE05TO10,orig,Applaus,1,3,76
SE05TO10,gauss,Applaus,1,3,26
SE05TO10,synth,Applaus,1,3,29
SE05TO10,synsmall,Applaus,1,3,10
SE05TO10,white,Applaus,1,1,0
SE05TO10,orig,Applaus,2,1,79
SE05TO10,gauss,Applaus,2,1,8
SE05TO10,synth,Applaus,2,1,40
SE05TO10,synsmall,Applaus,2,1,17
SE05TO10,orig,Applaus,2,2,62
SE05TO10,gauss,Applaus,2,2,10
SE05TO10,synth,Applaus,2,2,25
SE05TO10,synsmall,Applaus,2,2,54
SE05TO10,orig,Applaus,2,3,100
SE05TO10,gauss,Applaus,2,3,10
SE05TO10,synth,Applaus,2,3,39
SE05TO10,synsmall,Applaus,2,3,60
SE05TO10,white,Applaus,2,1,0
SE05TO10,orig,Filmton,1,1,100
SE05TO10,gauss,Filmton,1,1,0
SE05TO10,synth,Filmton,1,1,78
SE05TO10,synsmall,Filmton,1,1,74
SE05TO10,orig,Filmton,1,2,78
SE05TO10,gauss,Filmton,1,2,0
SE05TO10,synth,Filmton,1,2,74
SE05TO10,synsmall,Filmton,1,2,59
SE05TO10,orig,Filmton,1,3,30
SE05TO10,gauss,Filmton,1,3,0
SE05TO10,synth,Filmton,1,3,28
SE05TO10,synsmall,Filmton,1,3,51
SE05TO10,white,Filmton,1,1,6
SE05TO10,orig,Filmton,2,1,30
SE05TO10,gauss,Filmton,2,1,0
SE05TO10,synth,Filmton,2,1,0
SE05TO10,synsmall,Filmton,2,1,0
SE05TO10,orig,Filmton,2,2,68
SE05TO10,gauss,Filmton,2,2,16
SE05TO10,synth,Filmton,2,2,73
SE05TO10,synsmall,Filmton,2,2,39
SE05TO10,orig,Filmton,2,3,68
SE05TO10,gauss,Filmton,2,3,0
SE05TO10,synth,Filmton,2,3,39
SE05TO10,synsmall,Filmton,2,3,66
SE05TO10,white,Filmton,2,1,0
SE05TO10,orig,Kassette,1,1,58
SE05TO10,gauss,Kassette,1,1,29
SE05TO10,synth,Kassette,1,1,54
SE05TO10,synsmall,Kassette,1,1,0
SE05TO10,orig,Kassette,1,2,58
SE05TO10,gauss,Kassette,1,2,57
SE05TO10,synth,Kassette,1,2,38
SE05TO10,synsmall,Kassette,1,2,12
SE05TO10,orig,Kassette,1,3,40
SE05TO10,gauss,Kassette,1,3,39
SE05TO10,synth,Kassette,1,3,13
SE05TO10,synsmall,Kassette,1,3,24
SE05TO10,white,Kassette,1,1,6
SE05TO10,orig,Kassette,2,1,50
SE05TO10,gauss,Kassette,2,1,0
SE05TO10,synth,Kassette,2,1,44
SE05TO10,synsmall,Kassette,2,1,19
SE05TO10,orig,Kassette,2,2,0
SE05TO10,gauss,Kassette,2,2,46
SE05TO10,synth,Kassette,2,2,0
SE05TO10,synsmall,Kassette,2,2,0
SE05TO10,orig,Kassette,2,3,45
SE05TO10,gauss,Kassette,2,3,11
SE05TO10,synth,Kassette,2,3,9
SE05TO10,synsmall,Kassette,2,3,51
SE05TO10,white,Kassette,2,1,0
SE05TO10,orig,Regen,1,1,83
SE05TO10,gauss,Regen,1,1,25
SE05TO10,synth,Regen,1,1,35
SE05TO10,synsmall,Regen,1,1,56
SE05TO10,orig,Regen,1,2,86
SE05TO10,gauss,Regen,1,2,18
SE05TO10,synth,Regen,1,2,44
SE05TO10,synsmall,Regen,1,2,48
SE05TO10,orig,Regen,1,3,83
SE05TO10,gauss,Regen,1,3,0
SE05TO10,synth,Regen,1,3,48
SE05TO10,synsmall,Regen,1,3,0
SE05TO10,white,Regen,1,1,34
SE05TO10,orig,Regen,2,1,56
SE05TO10,gauss,Regen,2,1,0
SE05TO10,synth,Regen,2,1,39
SE05TO10,synsmall,Regen,2,1,29
SE05TO10,orig,Regen,2,2,74
SE05TO10,gauss,Regen,2,2,0
SE05TO10,synth,Regen,2,2,17
SE05TO10,synsmall,Regen,2,2,30
SE05TO10,orig,Regen,2,3,28
SE05TO10,gauss,Regen,2,3,0
SE05TO10,synth,Regen,2,3,30
SE05TO10,synsmall,Regen,2,3,15
SE05TO10,white,Regen,2,1,0
SE05TO10,orig,Schallplatte,1,1,65
SE05TO10,gauss,Schallplatte,1,1,0
SE05TO10,synth,Schallplatte,1,1,45
SE05TO10,synsmall,Schallplatte,1,1,17
SE05TO10,orig,Schallplatte,1,2,11
SE05TO10,gauss,Schallplatte,1,2,0
SE05TO10,synth,Schallplatte,1,2,8
SE05TO10,synsmall,Schallplatte,1,2,0
SE05TO10,orig,Schallplatte,1,3,88
SE05TO10,gauss,Schallplatte,1,3,9
SE05TO10,synth,Schallplatte,1,3,53
SE05TO10,synsmall,Schallplatte,1,3,25
SE05TO10,white,Schallplatte,1,1,0
SE05TO10,orig,Schallplatte,2,1,87
SE05TO10,gauss,Schallplatte,2,1,18
SE05TO10,synth,Schallplatte,2,1,73
SE05TO10,synsmall,Schallplatte,2,1,7
SE05TO10,orig,Schallplatte,2,2,63
SE05TO10,gauss,Schallplatte,2,2,0
SE05TO10,synth,Schallplatte,2,2,9
SE05TO10,synsmall,Schallplatte,2,2,12
SE05TO10,orig,Schallplatte,2,3,0
SE05TO10,gauss,Schallplatte,2,3,15
SE05TO10,synth,Schallplatte,2,3,22
SE05TO10,synsmall,Schallplatte,2,3,13
SE05TO10,white,Schallplatte,2,1,0
ZE05RL31,orig,Applaus,1,1,100
ZE05RL31,gauss,Applaus,1,1,36
ZE05RL31,synth,Applaus,1,1,0
ZE05RL31,synsmall,Applaus,1,1,25
ZE05RL31,orig,Applaus,1,2,85
ZE05RL31,gauss,Applaus,1,2,40
ZE05RL31,synth,Applaus,1,2,41
ZE05RL31,synsmall,Applaus,1,2,64
ZE05RL31,orig,Applaus,1,3,0
ZE05RL31,gauss,Applaus,1,3,40
ZE05RL31,synth,Applaus,1,3,0
ZE05RL31,synsmall,Applaus,1,3,0
ZE05RL31,white,Applaus,1,1,0
ZE05RL31,orig,Applaus,2,1,100
ZE05RL31,gauss,Applaus,2,1,0
ZE05RL31,synth,Applaus,2,1,26
ZE05RL31,synsmall,Applaus,2,1,0
ZE05RL31,orig,Applaus,2,2,100
ZE05RL31,gauss,Applaus,2,2,32
ZE05RL31,synth,Applaus,2,2,35
ZE05RL31,synsmall,Applaus,2,2,14
ZE05RL31,orig,Applaus,2,3,0
ZE05RL31,gauss,Applaus,2,3,16
ZE05RL31,synth,Applaus,2,3,23
ZE05RL31,synsmall,Applaus,2,3,20
ZE05RL31,white,Applaus,2,1,0
ZE05RL31,orig,Filmton,1,1,79
ZE05RL31,gauss,Filmton,1,1,0
ZE05RL31,synth,Filmton,1,1,0
ZE05RL31,synsmall,Filmton,1,1,60
ZE05RL31,orig,Filmton,1,2,100
ZE05RL31,gauss,Filmton,1,2,30
ZE05RL31,synth,Filmton,1,2,70
ZE05RL31,synsmall,Filmton,1,2,0
ZE05RL31,orig,Filmton,1,3,78
ZE05RL31,gauss,Filmton,1,3,11
ZE05RL31,synth,Filmton,1,3,84
ZE05RL31,synsmall,Filmton,1,3,0
ZE05RL31,white,Filmton,1,1,0
ZE05RL31,orig,Filmton,2,1,77
ZE05RL31,gauss,Filmton,2,1,51
ZE05RL31,synth,Filmton,2,1,44
ZE05RL31,synsmall,Filmton,2,1,33
ZE05RL31,orig,Filmton,2,2,0
ZE05RL31,gauss,Filmton,2,2,0
ZE05RL31,synth,Filmton,2,2,93
ZE05RL31,synsmall,Filmton,2,2,0
ZE05RL31,orig,Filmton,2,3,100
ZE05RL31,gauss,Filmton,2,3,9
ZE05RL31,synth,Filmton,2,3,80
ZE05RL31,synsmall,Filmton,2,3,50
ZE05RL31,white,Filmton,2,1,0
ZE05RL31,orig,Kassette,1,1,12
ZE05RL31,gauss,Kassette,1,1,55
ZE05RL31,synth,Kassette,1,1,8
ZE05RL31,synsmall,Kassette,1,1,95
ZE05RL31,orig,Kassette,1,2,0
ZE05RL31,gauss,Kassette,1,2,0
ZE05RL31,synth,Kassette,1,2,14
ZE05RL31,synsmall,Kassette,1,2,9
ZE05RL31,orig,Kassette,1,3,0
ZE05RL31,gauss,Kassette,1,3,89
ZE05RL31,synth,Kassette,1,3,0
ZE05RL31,synsmall,Kassette,1,3,0
ZE05RL31,white,Kassette,1,1,0
ZE05RL31,orig,Kassette,2,1,0
ZE05RL31,gauss,Kassette,2,1,24
ZE05RL31,synth,Kassette,2,1,0
ZE05RL31,synsmall,Kassette,2,1,92
ZE05RL31,orig,Kassette,2,2,57
ZE05RL31,gauss,Kassette,2,2,81
ZE05RL31,synth,Kassette,2,2,62
ZE05RL31,synsmall,Kassette,2,2,58
ZE05RL31,orig,Kassette,2,3,72
ZE05RL31,gauss,Kassette,2,3,75
ZE05RL31,synth,Kassette,2,3,74
ZE05RL31,synsmall,Kassette,2,3,0
ZE05RL31,white,Kassette,2,1,0
ZE05RL31,orig,Regen,1,1,100
ZE05RL31,gauss,Regen,1,1,0
ZE05RL31,synth,Regen,1,1,25
ZE05RL31,synsmall,Regen,1,1,31
ZE05RL31,orig,Regen,1,2,81
ZE05RL31,gauss,Regen,1,2,0
ZE05RL31,synth,Regen,1,2,0
ZE05RL31,synsmall,Regen,1,2,0
ZE05RL31,orig,Regen,1,3,100
ZE05RL31,gauss,Regen,1,3,0
ZE05RL31,synth,Regen,1,3,27
ZE05RL31,synsmall,Regen,1,3,0
ZE05RL31,white,Regen,1,1,0
ZE05RL31,orig,Regen,2,1,0
ZE05RL31,gauss,Regen,2,1,11
ZE05RL31,synth,Regen,2,1,0
ZE05RL31,synsmall,Regen,2,1,2
ZE05RL31,orig,Regen,2,2,100
ZE05RL31,gauss,Regen,2,2,7
ZE05RL31,synth,Regen,2,2,0
ZE05RL31,synsmall,Regen,2,2,10
ZE05RL31,orig,Regen,2,3,91
ZE05RL31,gauss,Regen,2,3,57
ZE05RL31,synth,Regen,2,3,0
ZE05RL31,synsmall,Regen,2,3,10
ZE05RL31,white,Regen,2,1,0
ZE05RL31,orig,Schallplatte,1,1,0
ZE05RL31,gauss,Schallplatte,1,1,0
ZE05RL31,synth,Schallplatte,1,1,97
ZE05RL31,synsmall,Schallplatte,1,1,66
ZE05RL31,orig,Schallplatte,1,2,19
ZE05RL31,gauss,Schallplatte,1,2,0
ZE05RL31,synth,Schallplatte,1,2,100
ZE05RL31,synsmall,Schallplatte,1,2,54
ZE05RL31,orig,Schallplatte,1,3,94
ZE05RL31,gauss,Schallplatte,1,3,0
ZE05RL31,synth,Schallplatte,1,3,0
ZE05RL31,synsmall,Schallplatte,1,3,49
ZE05RL31,white,Schallplatte,1,1,0
ZE05RL31,orig,Schallplatte,2,1,0
ZE05RL31,gauss,Schallplatte,2,1,0
ZE05RL31,synth,Schallplatte,2,1,91
ZE05RL31,synsmall,Schallplatte,2,1,0
ZE05RL31,orig,Schallplatte,2,2,83
ZE05RL31,gauss,Schallplatte,2,2,5
ZE05RL31,synth,Schallplatte,2,2,0
ZE05RL31,synsmall,Schallplatte,2,2,52
ZE05RL31,orig,Schallplatte,2,3,0
ZE05RL31,gauss,Schallplatte,2,3,0
ZE05RL31,synth,Schallplatte,2,3,43
ZE05RL31,synsmall,Schallplatte,2,3,52
ZE05RL31,white,Schallplatte,2,1,0
